host_name,host_ip,jail_name,name,val_ip
murder04,66.23.233.122,civil_grouper,acrobatic-maroon-dalmatian,162.246.17.13
murder17,104.218.50.70,steady_stingray,gigantic-neon-mink,173.214.166.56
pockets,206.72.204.226,united_pangolin,dry-basil-scorpion,162.246.20.19
murder18,104.218.51.30,flexible_honeybee,deep-satin-camel,173.214.166.147
donkeykong,66.45.255.46,workable_moray,short-pine-ostrich,216.158.227.237
gaggle03,209.159.150.198,model_drum,micro-ocean-snail,216.158.236.57
sherbert,66.45.235.250,eager_dingo,glorious-vermilion-bobcat,208.73.203.122
portcosta,216.158.232.138,oriented_arachnid,droll-leather-koala,173.225.104.139
bluedream,66.45.235.146,crucial_urchin,bent-fiery-mustang,162.246.19.23
butterball,173.214.175.34,sweet_squid,savory-grape-bison,162.250.123.99
flock15,205.209.96.82,golden_bengal,rare-marmalade-goat,205.209.96.178
murder03,69.10.43.30,internal_condor,active-lead-sheep,67.211.223.4
tanya,67.211.214.154,profound_mammal,exotic-punch-dragonfly,192.64.85.218
lindsey,162.220.162.162,worthy_hermit,clean-vermilion-ant,69.10.43.170
murder10,209.159.158.186,poetic_snake,passive-frost-coyote,64.20.47.169
murder15,174.138.176.66,outgoing_bear,mammoth-bubblegum-parakeet,64.20.47.198
mortalkombat,66.45.255.42,infinite_gannet,fluffy-quartz-jaguar,104.218.49.243
murder02,69.10.43.26,gentle_goblin,cheery-saffron-horse,192.64.86.201
lindsey,162.220.162.162,major_primate,radiant-infrared-frog,69.10.43.173
flock01,64.20.35.98,exciting_hare,trendy-goldenrod-dalmatian,74.50.93.98
gaggle05,67.211.211.74,joint_asp,loud-sepia-monkey,216.158.236.138
murder16,174.138.176.70,funny_marmoset,gigantic-sepia-butterfly,173.214.166.43
gaggle04,173.214.173.182,relative_orca,zany-mulberry-parrot,104.37.190.91
murder03,69.10.43.30,nice_panther,steep-obsidian-ape,67.211.223.11
donkeykong,66.45.255.46,kind_opossum,scrawny-holographic-aphid,216.158.227.233
flock04,173.225.108.210,thankful_swine,modern-lemonade-lemur,74.50.93.214
donkeykong,66.45.255.46,pro_moray,hidden-mango-buffalo,216.158.227.230
flock15,205.209.96.82,winning_bull,howling-seafoam-tuna,205.209.96.180
murder11,209.159.158.190,artistic_cowbird,quaint-carbon-panther,64.20.47.184
tekken,206.72.206.78,caring_shad,boxy-chartreuse-lizard,104.218.49.68
virginia,162.220.162.58,immense_bird,deep-fern-python,192.64.85.235
samantha,192.64.83.154,above_walleye,basic-black-shrimp,173.225.110.83
donna,192.64.83.162,accepted_basilisk,thankful-brick-mouse,64.20.53.226
murder09,206.72.206.158,gentle_bluebird,suave-golden-antelope,64.20.47.148
gaggle06,67.211.211.78,firm_cowbird,magnificent-green-wren,104.37.190.148
flock18,205.209.96.106,renewing_horse,digital-fuzzy-raccoon,205.209.96.227
mortalkombat,66.45.255.42,enabled_gecko,dizzy-oily-hawk,104.218.49.245
gaggle16,64.20.36.66,actual_yeti,decent-licorice-python,216.158.229.178
samantha,192.64.83.154,select_primate,gentle-malachite-mouse,173.225.110.84
flock03,173.225.108.170,evolving_ferret,innocent-flaxen-butterfly,74.50.93.198
murder08,206.72.206.154,smooth_bluegill,short-boysenberry-hippo,64.20.47.136
flock05,173.225.108.194,helped_ox,powerful-goldenrod-starfish,74.50.93.226
natalie,192.64.84.210,adapted_seasnail,cuddly-currant-chinchilla,66.23.226.108
mortalkombat,66.45.255.42,popular_marmot,acidic-silver-porcupine,104.218.49.246
murder02,69.10.43.26,promoted_tapir,fresh-iron-seal,192.64.86.198
murder09,206.72.206.158,together_anemone,tiny-glass-aphid,64.20.47.154
samantha,192.64.83.154,becoming_osprey,huge-peanut-cyborg,173.225.110.92
murder17,104.218.50.70,harmless_ewe,pet-steel-barracuda,173.214.166.57
murder13,64.20.53.106,lucky_sloth,tart-zinc-lark,64.20.47.226
virginia,162.220.162.58,promoted_monarch,zesty-sandstone-mouse,192.64.85.226
pacman,104.37.187.90,alive_bunny,fit-saffron-butterfly,104.218.49.138
eleanor,173.225.104.82,harmless_stingray,hollow-coffee-parakeet,104.37.189.131
pacman,104.37.187.90,open_starling,prehistoric-azure-wasp,104.218.49.139
eleanor,173.225.104.82,fitting_snapper,wild-burgundy-eagle,104.37.189.136
natalie,192.64.84.210,model_cattle,proud-seaweed-parrot,66.23.226.101
pacman,104.37.187.90,steady_swine,careful-powder-woodpecker,104.218.49.130
pacman,104.37.187.90,refined_goldfish,magnificent-ginger-sardine,104.218.49.135
murder07,66.45.249.18,square_raccoon,modern-lemon-osprey,64.20.47.119
murder11,209.159.158.190,legible_crab,little-plum-antelope,64.20.47.189
shannon,216.158.232.210,fond_tapir,stale-wintergreen-swift,104.37.190.172
flock12,162.246.16.162,bursting_muskrat,icy-tangerine-dinosaur,205.209.96.132
murder13,64.20.53.106,sterling_falcon,breezy-bamboo-mallard,64.20.47.229
tracy,162.220.162.50,handy_giraffe,sweet-umber-lemur,174.138.187.244
flock12,162.246.16.162,exciting_salmon,huge-iron-parakeet,205.209.96.135
murder13,64.20.53.106,popular_wombat,bald-ivory-rhino,64.20.47.233
donkeykong,66.45.255.46,mutual_terrapin,teeny-merlot-stallion,216.158.227.228
gaggle14,173.225.108.178,sharing_hagfish,deep-white-marmot,162.246.18.139
donkeykong,66.45.255.46,maximum_gull,cheesy-ceramic-turtle,216.158.227.234
cathy,173.225.103.170,ready_goshawk,suave-rouge-hawk,104.37.189.26
tekken,206.72.206.78,decent_mako,wobbly-indigo-monkey,104.218.49.70
gaggle16,64.20.36.66,relaxing_narwhal,great-chambray-porcupine,216.158.229.182
murder20,104.218.55.110,expert_trout,low-indigo-llama,173.214.166.165
gaggle01,173.225.110.122,fit_bobcat,massive-cotton-urchin,216.158.229.167
tracy,162.220.162.50,clear_colt,brilliant-myrtle-yeti,174.138.187.252
murder17,104.218.50.70,eminent_wombat,young-brick-newt,173.214.166.54
flock03,173.225.108.170,good_alien,flaky-punch-beaver,74.50.93.194
donna,192.64.83.162,advanced_werewolf,bumpy-burlap-dolphin,64.20.53.228
gaggle19,162.250.121.78,ruling_gazelle,acrobatic-ocean-wolf,66.45.234.24
tracy,162.220.162.50,firm_louse,hot-cotton-boar,174.138.187.248
gaggle12,66.23.231.74,stunning_grizzly,alert-powder-cormorant,67.211.211.18
donna,192.64.83.162,social_whale,faithful-coral-toad,64.20.53.229
flock14,162.246.16.154,excited_piglet,energetic-wooden-haddock,205.209.96.164
flock05,173.225.108.194,charmed_guinea,tiny-cinnabar-walrus,74.50.93.231
hillary,192.64.83.250,working_macaw,dandy-tangelo-elephant,69.10.43.156
gaggle03,209.159.150.198,on_jay,shaggy-rusty-cougar,216.158.236.60
murder09,206.72.206.158,amused_raptor,acrobatic-glossy-shetland,64.20.47.147
mortalkombat,66.45.255.42,supreme_man,zesty-spruce-wren,104.218.49.249
gaggle02,66.23.231.66,firm_starling,faint-myrtle-scallop,66.23.231.89
gaggle02,66.23.231.66,assured_grubworm,blurry-lead-sardine,66.23.231.90
murder02,69.10.43.26,desired_yak,genuine-pear-elk,192.64.86.197
tekken,206.72.206.78,loving_dory,electric-chili-swift,104.218.49.76
flock20,205.209.96.122,knowing_seal,brave-chrome-anteater,216.219.80.6
natalie,192.64.84.210,useful_shepherd,narrow-teal-zebra,66.23.226.107
samantha,192.64.83.154,intent_crawdad,zealous-smoke-crane,173.225.110.87
tracy,162.220.162.50,lucky_mite,radiant-gingerbread-wasp,174.138.187.245
gaggle18,64.20.45.178,harmless_terrapin,odd-honey-kitten,199.231.185.234
virginia,162.220.162.58,mature_joey,steep-lead-hornet,192.64.85.227
tracy,162.220.162.50,pumped_midge,acidic-wool-dragon,174.138.187.247
murder20,104.218.55.110,advanced_panda,generous-punch-lizard,173.214.166.173
mortalkombat,66.45.255.42,fluent_scorpion,noisy-shadow-stallion,104.218.49.252
gaggle17,104.37.188.6,golden_phoenix,ripe-rose-salamander,174.138.180.52
tanya,67.211.214.154,subtle_titmouse,acrobatic-chiffon-hyena,192.64.85.216
ashley,174.138.188.242,valued_jaguar,blunt-slate-loris,216.158.228.8
gaggle19,162.250.121.78,popular_bulldog,trendy-bone-osprey,66.45.234.18
cathy,173.225.103.170,advanced_panther,prehistoric-stone-crow,104.37.189.28
grace,162.246.18.218,sharp_racer,proud-lilac-hawk,192.64.85.155
natalie,192.64.84.210,distinct_caribou,feisty-ebony-pig,66.23.226.105
hillary,192.64.83.250,rational_fawn,large-chambray-mammoth,69.10.43.149
jessica,216.158.232.42,finer_midge,kind-coconut-coyote,216.158.228.57
lindsey,162.220.162.162,composed_spaniel,special-teal-snail,69.10.43.168
virginia,162.220.162.58,subtle_mollusk,jumpy-caramel-barbel,192.64.85.234
rachel,162.220.162.106,renewed_burro,micro-garnet-crane,216.158.239.163
hillary,192.64.83.250,composed_sloth,orbiting-canvas-fly,69.10.43.148
hillary,192.64.83.250,verified_wolf,dapper-zinc-baboon,69.10.43.153
vixen,66.45.231.234,crucial_sloth,daring-clay-guppy,104.37.191.196
marsha,162.216.113.114,summary_gazelle,smooth-cinnamon-dolphin,104.37.190.2
vixen,66.45.231.234,bold_dove,little-snowy-kangaroo,104.37.191.198
marsha,162.216.113.114,exotic_hamster,keen-daisy-mole,104.37.190.7
grace,162.246.18.218,supreme_dog,chilly-maroon-sardine,192.64.85.147
marsha,162.216.113.114,above_imp,custom-spruce-robin,104.37.190.10
vixen,66.45.231.234,heroic_primate,radiant-seafoam-hamster,104.37.191.203
marsha,162.216.113.114,sacred_crane,early-emerald-haddock,104.37.190.8
ashley,174.138.188.242,emerging_boar,immense-sand-horse,216.158.228.2
cupid,66.45.249.98,eternal_wasp,rapid-chocolate-aardvark,66.45.242.138
hillary,192.64.83.250,pure_herring,joyous-velvet-osprey,69.10.43.157
grace,162.246.18.218,correct_foxhound,old-goldenrod-haddock,192.64.85.156
ashley,174.138.188.242,peaceful_piglet,exotic-teal-sawfish,216.158.228.4
ashley,174.138.188.242,central_labrador,noisy-rouge-peacock,216.158.228.12
donna,192.64.83.162,harmless_scorpion,magic-cedar-quail,64.20.53.232
lindsey,162.220.162.162,awake_newt,strong-coffee-giraffe,69.10.43.164
donna,192.64.83.162,smashing_gator,formal-malachite-ferret,64.20.53.233
hillary,192.64.83.250,improved_jawfish,ripe-cobalt-ant,69.10.43.152
grace,162.246.18.218,wondrous_ladybug,fluffy-merlot-skunk,192.64.85.149
tanya,67.211.214.154,romantic_ferret,hidden-gauze-nuthatch,192.64.85.220
ashley,174.138.188.242,set_salmon,formal-syrup-gerbil,216.158.228.7
samantha,192.64.83.154,relaxed_monkey,fun-paisley-sealion,173.225.110.93
virginia,162.220.162.58,relative_shiner,smooth-tortilla-nuthatch,192.64.85.230
tracy,162.220.162.50,mature_locust,tangy-porcelain-salamander,174.138.187.242
virginia,162.220.162.58,above_leopard,formal-vermilion-turkey,192.64.85.233
rachel,162.220.162.106,dominant_meerkat,digital-teal-donkey,216.158.239.171
grace,162.246.18.218,teaching_gazelle,kind-opal-crab,192.64.85.148
marsha,162.216.113.114,sacred_sheepdog,lucky-carbon-swan,104.37.190.4
samantha,192.64.83.154,superb_molly,mysterious-sapphire-gorilla,173.225.110.91
lindsey,162.220.162.162,calm_kodiak,basic-burgundy-boar,69.10.43.163
lindsey,162.220.162.162,subtle_marmoset,gorgeous-ebony-robin,69.10.43.162
hillary,192.64.83.250,willing_aphid,droll-fleece-ladybug,69.10.43.154
ashley,174.138.188.242,arriving_foal,stable-marmalade-carp,216.158.228.11
rachel,162.220.162.106,neat_tomcat,ancient-indigo-nuthatch,216.158.239.169
lindsey,162.220.162.162,engaged_ray,cool-mercurial-sealion,69.10.43.166
virginia,162.220.162.58,dear_terrapin,glorious-eggplant-pelican,192.64.85.237
samantha,192.64.83.154,mature_bulldog,spare-tiger-aphid,173.225.110.90
lindsey,162.220.162.162,literate_opossum,polished-blue-tortoise,69.10.43.171
tracy,162.220.162.50,alive_shepherd,nutty-dijon-liger,174.138.187.250
hillary,192.64.83.250,complete_ladybird,proud-jetblack-deer,69.10.43.151
virginia,162.220.162.58,pretty_pheasant,interesting-linen-pike,192.64.85.236
jessica,216.158.232.42,ample_turtle,odd-seafoam-dog,216.158.228.55
cathy,173.225.103.170,cunning_finch,genuine-violet-unicorn,104.37.189.20
virginia,162.220.162.58,assured_jawfish,round-aegean-turtle,192.64.85.228
jessica,216.158.232.42,game_ghost,skinny-lead-mule,216.158.228.61
lindsey,162.220.162.162,ace_griffon,long-charcoal-beaver,69.10.43.169
cathy,173.225.103.170,select_possum,rhythmic-sage-wallaby,104.37.189.23
virginia,162.220.162.58,careful_adder,uneven-mustard-boa,192.64.85.229
tracy,162.220.162.50,solid_leech,bald-mercurial-snake,174.138.187.251
rachel,162.220.162.106,polished_sparrow,proper-chrome-mammoth,216.158.239.170
jessica,216.158.232.42,harmless_hookworm,sparkly-parchment-goblin,216.158.228.58
eleanor,173.225.104.82,hot_egret,blunt-velvet-starfish,104.37.189.140
cathy,173.225.103.170,funky_flounder,nice-fiery-lion,104.37.189.22
cathy,173.225.103.170,lucky_kite,swift-charcoal-lion,104.37.189.24
samantha,192.64.83.154,able_swan,bitter-khaki-platypus,173.225.110.86
ashley,174.138.188.242,upright_guinea,electric-concrete-giraffe,216.158.228.6
donna,192.64.83.162,social_dassie,polite-yellow-bull,64.20.53.227
natalie,192.64.84.210,enough_swan,fit-mauve-toad,66.23.226.109
vixen,66.45.231.234,crack_seagull,soft-clear-yak,104.37.191.205
samantha,192.64.83.154,prime_raccoon,spare-snowy-swift,173.225.110.89
natalie,192.64.84.210,on_stork,salty-rainbow-loris,66.23.226.102
shannon,216.158.232.210,bursting_monarch,high-tangelo-leopard,104.37.190.168
tanya,67.211.214.154,viable_pheasant,fluffy-pear-snake,192.64.85.214
marsha,162.216.113.114,touching_ram,sneaky-sandstone-blackbird,104.37.190.5
tracy,162.220.162.50,charming_kiwi,fun-lime-ant,174.138.187.243
natalie,192.64.84.210,eminent_pig,atomic-plastic-sealion,66.23.226.104
ashley,174.138.188.242,sterling_ram,magnificent-fiery-tardigrade,216.158.228.5
eleanor,173.225.104.82,blessed_penguin,proud-crepe-badger,104.37.189.134
marsha,162.216.113.114,capable_hippo,jovial-neon-shrimp,104.37.190.11
donna,192.64.83.162,magnetic_giraffe,electric-brick-seal,64.20.53.235
marsha,162.216.113.114,striking_sponge,bald-sapphire-wolf,104.37.190.13
natalie,192.64.84.210,kind_raptor,sweet-amber-barbel,66.23.226.100
marsha,162.216.113.114,curious_rooster,attractive-burgundy-woodpecker,104.37.190.12
donna,192.64.83.162,wealthy_tadpole,micro-cherry-dachshund,64.20.53.237
donna,192.64.83.162,ethical_mako,lively-foggy-sidewinder,64.20.53.230
virginia,162.220.162.58,rare_bulldog,loud-cider-bat,192.64.85.232
cathy,173.225.103.170,free_troll,great-infrared-cricket,104.37.189.29
natalie,192.64.84.210,guided_chipmunk,sweet-orchid-bird,66.23.226.103
